fixIdx,legIdx,tickLead,togo,area
133,2,2051.01221380603,111.345,121.00972061455064
134,2,2061.01221380603,111.262,171.06401374589723
135,2,2072.01221380603,111.244,37.296219848509956
136,2,2082.01221380603,111.233,22.902134351857338
