fixIdx,legIdx,tickLead,togo,area
174,2,756.90631386297,244.912,133.21551123987342
175,2,766.90631386297,244.785,97.39710186060452
